<?xml version="1.0" encoding="UTF-8"?>
<!-- Copyright ETS-Soft -->
<slides><slide obj="MLS_Slide" id_slide="1" image="sl1.jpg" repeat_x="0" repeat_y="0" sort_order="1" backgroud_color="#f6f6f6" custom_class="" enabled="1" animation_in="fadeIn" animation_out="fadeOut" title="Slide 1" link_img="/themes/furniture/modules/ets_multilayerslider/views/img/upload/sl1.jpg" max_layer_in="1700" max_layer_out="1500"><layers><layer obj="MLS_Layer" id_slide="1" layer_type="text" font_size="48.00" text_color="#414141" custom_class="" background_color="#F3F3F3" background_opacity="1.00" font_family="Roboto" font_weight="bold" text_decoration="none" text_transform="none" padding="5px 10px" box_radius="20" top="151.00" left="1145.00" right="0.00" top_right="0.00" animation_in="fadeInDownBig" animation_out="fadeOutUp" width="" height="" sort_order="1" move_in="1000" move_out="800" stand_duration="0" start_delay="0" image="" content_layer="Living rooms." link="" link_image="/themes/furniture/modules/ets_multilayerslider/views/img/upload/"/><layer obj="MLS_Layer" id_slide="1" layer_type="text" font_size="24.00" text_color="#414141" custom_class="main_bg" background_color="#F3F3F3" background_opacity="1.00" font_family="Roboto" font_weight="normal" text_decoration="none" text_transform="none" padding="5px 10px" box_radius="20" top="224.00" left="1077.00" right="0.00" top_right="0.00" animation_in="fadeInRightBig" animation_out="fadeOutUp" width="" height="" sort_order="2" move_in="1000" move_out="500" stand_duration="500" start_delay="700" image="" content_layer="Find perfect designs for your living room" link="" link_image="/themes/furniture/modules/ets_multilayerslider/views/img/upload/"/><layer obj="MLS_Layer" id_slide="1" layer_type="button" font_size="16.00" text_color="#ffffff" custom_class="bg_main" background_color="#27bb9b" background_opacity="1.00" font_family="Roboto" font_weight="normal" text_decoration="none" text_transform="none" padding="15px 30px" box_radius="4" top="278.00" left="1203.86" right="0.00" top_right="0.00" animation_in="fadeInUpBig" animation_out="fadeOutUp" width="" height="" sort_order="3" move_in="1000" move_out="500" stand_duration="1000" start_delay="200" image="" content_layer="Purchase Now" link="#" link_image="/themes/furniture/modules/ets_multilayerslider/views/img/upload/"/></layers></slide><slide obj="MLS_Slide" id_slide="4" image="" repeat_x="0" repeat_y="0" sort_order="2" backgroud_color="#f9f8f3" custom_class="" enabled="1" animation_in="fadeIn" animation_out="fadeOut" title="Slide 2" link_img="" max_layer_in="1700" max_layer_out="1500"><layers><layer obj="MLS_Layer" id_slide="4" layer_type="image" font_size="30.00" text_color="#222222" custom_class="" background_color="#F3F3F3" background_opacity="1.00" font_family="" font_weight="normal" text_decoration="none" text_transform="none" padding="5px 10px" box_radius="20" top="144.91" left="391.69" right="0.00" top_right="0.00" animation_in="zoomInLeft" animation_out="zoomOut" width="" height="" sort_order="1" move_in="1000" move_out="1000" stand_duration="500" start_delay="0" image="sl2.png" content_layer="" link="" link_image="/themes/furniture/modules/ets_multilayerslider/views/img/upload/sl2.png"/><layer obj="MLS_Layer" id_slide="4" layer_type="text" font_size="48.00" text_color="#414141" custom_class="" background_color="#F3F3F3" background_opacity="1.00" font_family="Roboto" font_weight="bold" text_decoration="none" text_transform="none" padding="5px 10px" box_radius="20" top="151.00" left="1145.00" right="0.00" top_right="0.00" animation_in="fadeInDownBig" animation_out="fadeOutUp" width="" height="" sort_order="2" move_in="1000" move_out="800" stand_duration="0" start_delay="0" image="" content_layer="Luxury sofas." link="" link_image="/themes/furniture/modules/ets_multilayerslider/views/img/upload/"/><layer obj="MLS_Layer" id_slide="4" layer_type="text" font_size="24.00" text_color="#414141" custom_class="main_bg" background_color="#F3F3F3" background_opacity="1.00" font_family="Roboto" font_weight="normal" text_decoration="none" text_transform="none" padding="5px 10px" box_radius="20" top="221.29" left="1036.32" right="0.00" top_right="0.00" animation_in="fadeInRightBig" animation_out="fadeOutUp" width="" height="" sort_order="4" move_in="1000" move_out="500" stand_duration="500" start_delay="700" image="" content_layer="Products from all popular brands over the world" link="" link_image="/themes/furniture/modules/ets_multilayerslider/views/img/upload/"/><layer obj="MLS_Layer" id_slide="4" layer_type="button" font_size="16.00" text_color="#ffffff" custom_class="bg_main" background_color="#27bb9b" background_opacity="1.00" font_family="Roboto" font_weight="normal" text_decoration="none" text_transform="none" padding="15px 30px" box_radius="4" top="278.00" left="1206.58" right="0.00" top_right="0.00" animation_in="fadeInUpBig" animation_out="fadeOutUp" width="" height="" sort_order="5" move_in="1000" move_out="500" stand_duration="1000" start_delay="200" image="" content_layer="Purchase Now" link="#" link_image="/themes/furniture/modules/ets_multilayerslider/views/img/upload/"/></layers></slide><slide obj="MLS_Slide" id_slide="5" image="" repeat_x="0" repeat_y="0" sort_order="3" backgroud_color="#f9f8f3" custom_class="" enabled="1" animation_in="fadeIn" animation_out="fadeOut" title="Slide 3" link_img="" max_layer_in="1700" max_layer_out="2000"><layers><layer obj="MLS_Layer" id_slide="5" layer_type="image" font_size="30.00" text_color="#222222" custom_class="" background_color="#F3F3F3" background_opacity="1.00" font_family="" font_weight="normal" text_decoration="none" text_transform="none" padding="5px 10px" box_radius="20" top="147.62" left="356.42" right="0.00" top_right="0.00" animation_in="zoomIn" animation_out="zoomOut" width="" height="" sort_order="1" move_in="1000" move_out="1000" stand_duration="1000" start_delay="0" image="sl3.png" content_layer="" link="" link_image="/themes/furniture/modules/ets_multilayerslider/views/img/upload/sl3.png"/><layer obj="MLS_Layer" id_slide="5" layer_type="text" font_size="48.00" text_color="#414141" custom_class="" background_color="#F3F3F3" background_opacity="1.00" font_family="Roboto" font_weight="bold" text_decoration="none" text_transform="none" padding="5px 10px" box_radius="20" top="153.71" left="1112.46" right="0.00" top_right="0.00" animation_in="fadeInDownBig" animation_out="fadeOutUp" width="" height="" sort_order="2" move_in="1000" move_out="800" stand_duration="0" start_delay="0" image="" content_layer="King Size Beds." link="" link_image="/themes/furniture/modules/ets_multilayerslider/views/img/upload/"/><layer obj="MLS_Layer" id_slide="5" layer_type="text" font_size="24.00" text_color="#414141" custom_class="main_bg" background_color="#F3F3F3" background_opacity="1.00" font_family="Roboto" font_weight="normal" text_decoration="none" text_transform="none" padding="5px 10px" box_radius="20" top="224.00" left="1077.00" right="0.00" top_right="0.00" animation_in="fadeInRightBig" animation_out="fadeOutUp" width="" height="" sort_order="5" move_in="1000" move_out="500" stand_duration="500" start_delay="700" image="" content_layer="Treat yourself with high qualiy beds" link="" link_image="/themes/furniture/modules/ets_multilayerslider/views/img/upload/"/><layer obj="MLS_Layer" id_slide="5" layer_type="button" font_size="16.00" text_color="#ffffff" custom_class="bg_main" background_color="#27bb9b" background_opacity="1.00" font_family="Roboto" font_weight="normal" text_decoration="none" text_transform="none" padding="15px 30px" box_radius="4" top="280.71" left="1179.46" right="0.00" top_right="0.00" animation_in="fadeInUpBig" animation_out="fadeOutUp" width="" height="" sort_order="6" move_in="1000" move_out="500" stand_duration="1000" start_delay="200" image="" content_layer="Purchase Now" link="#" link_image="/themes/furniture/modules/ets_multilayerslider/views/img/upload/"/></layers></slide></slides>
